filename,extracted_text,llama_output
225.jpg,"NY

\N

YQ

",NY - Nothing
150.jpg,,"Definition: A concept or state of having no existence, value, or content."
125.jpg,"COMMUNICATE
","Communicate: (verb) To convey or exchange information, ideas, or messages through speech, writing, or some other means."
175.jpg,,"Definition: A term used to indicate the absence of something, often used to convey a lack of existence, value, or meaning."
75.jpg,"—

<<

~
WN

UI

Y

V yz
a

BRAND

<

Vp

G

“AN
HE P

(4

",Definition: Brand
0.jpg,,Definition: The absence of something.
200.jpg,,Nothing
25.jpg,,Definition: A state of non-existence or absence of something.
50.jpg,,Definition: A state of non-existence or absence of something.
100.jpg,"2
Q. &
zj< A
<@oa0
Url>a-

",Definition: Nothing
